-- --------------------------------------------------------
-- Host:                         127.0.0.1
-- Server version:               5.6.24 - MySQL Community Server (GPL)
-- Server OS:                    Win32
-- HeidiSQL Version:             9.2.0.4947
-- --------------------------------------------------------

/*!40101 SET @OLD_CHARACTER_SET_CLIENT=@@CHARACTER_SET_CLIENT */;
/*!40101 SET NAMES utf8mb4 */;
/*!40014 SET @OLD_FOREIGN_KEY_CHECKS=@@FOREIGN_KEY_CHECKS, FOREIGN_KEY_CHECKS=0 */;
/*!40101 SET @OLD_SQL_MODE=@@SQL_MODE, SQL_MODE='NO_AUTO_VALUE_ON_ZERO' */;
-- Dumping data for table proiectcolectiv.categorie: ~3 rows (approximately)
/*!40000 ALTER TABLE `categorie` DISABLE KEYS */;
REPLACE INTO `categorie` (`Type`, `CatName`) VALUES
	(3, 'ATV'),
	(1, 'Masina'),
	(2, 'Motocicleta');
/*!40000 ALTER TABLE `categorie` ENABLE KEYS */;

-- Dumping data for table proiectcolectiv.chat: ~0 rows (approximately)
/*!40000 ALTER TABLE `chat` DISABLE KEYS */;
/*!40000 ALTER TABLE `chat` ENABLE KEYS */;

-- Dumping data for table proiectcolectiv.culori: ~13 rows (approximately)
/*!40000 ALTER TABLE `culori` DISABLE KEYS */;
REPLACE INTO `culori` (`ColorId`, `Culoare`) VALUES
	(1, 'Alb'),
	(2, 'Albastru'),
	(3, 'Argintiu'),
	(4, 'Auriu'),
	(5, 'Bej'),
	(6, 'Galben'),
	(7, 'Gri'),
	(8, 'Maro'),
	(9, 'Negru'),
	(10, 'Portocaliu'),
	(11, 'Rosu'),
	(12, 'Verde'),
	(13, 'Violet');
/*!40000 ALTER TABLE `culori` ENABLE KEYS */;

-- Dumping data for table proiectcolectiv.emisii: ~7 rows (approximately)
/*!40000 ALTER TABLE `emisii` DISABLE KEYS */;
REPLACE INTO `emisii` (`EcoId`, `EuroName`) VALUES
	(1, 'Non-Euro'),
	(2, 'Euro1'),
	(3, 'Euro2'),
	(4, 'Euro3'),
	(5, 'Euro4'),
	(6, 'Euro5'),
	(7, 'Hibrid');
/*!40000 ALTER TABLE `emisii` ENABLE KEYS */;

-- Dumping data for table proiectcolectiv.judete: ~39 rows (approximately)
/*!40000 ALTER TABLE `judete` DISABLE KEYS */;
REPLACE INTO `judete` (`JudetId`, `NumeJudet`, `PrescurtareJudet`) VALUES
	(1, 'Alba', 'AB'),
	(2, 'Arad', 'AR'),
	(3, 'Arges', 'AG'),
	(4, 'Bacau', 'BC'),
	(5, 'Bihor', 'BH'),
	(6, 'Bistrita-Nasaud', 'BN'),
	(7, 'Botosani', 'BT'),
	(8, 'Brasov', 'BV'),
	(9, 'Braila', 'BR'),
	(10, 'Buzau', 'BZ'),
	(11, 'Caras-Severin', 'CS'),
	(12, 'Calarasi', 'CL'),
	(13, 'Cluj', 'CJ'),
	(14, 'Constanta', 'CT'),
	(15, 'Covasna', 'CV'),
	(16, 'Dambovita', 'DB'),
	(17, 'Dolj', 'DJ'),
	(18, 'Galati', 'GL'),
	(19, 'Giurgiu', 'GR'),
	(20, 'Gorj', 'GJ'),
	(21, 'Harghita', 'HR'),
	(22, 'Hunedoara', 'HD'),
	(23, 'Ialomita', 'IL'),
	(24, 'Iasi', 'IS'),
	(25, 'Ilfov', 'IF'),
	(26, 'Maramures', 'MM'),
	(27, 'Mehedinti', 'MH'),
	(28, 'Mures', 'MS'),
	(29, 'Neamt', 'NT'),
	(30, 'Olt', 'OT'),
	(31, 'Prahova', 'PH'),
	(32, 'Satu Mare', 'SM'),
	(33, 'Salaj', 'SJ'),
	(34, 'Sibiu', 'SB'),
	(35, 'Suceava', 'SV'),
	(36, 'Teleorman', 'TR'),
	(37, 'Timis', 'TM'),
	(38, 'Tulcea', 'TL'),
	(39, 'Vaslui', 'VS'),
	(40, 'Valcea', 'VL'),
	(41, 'Vrancea', 'VN'),
	(42, 'Bucuresti', 'B');
/*!40000 ALTER TABLE `judete` ENABLE KEYS */;

-- Dumping data for table proiectcolectiv.marci: ~112 rows (approximately)
/*!40000 ALTER TABLE `marci` DISABLE KEYS */;
REPLACE INTO `marci` (`MakeId`, `Producator`, `Auto`, `Moto`, `ATV`) VALUES
	(1, 'Abarth', b'1', b'0', b'0'),
	(2, 'AC', b'1', b'0', b'0'),
	(3, 'Acura', b'1', b'0', b'0'),
	(4, 'Aixam', b'1', b'0', b'0'),
	(5, 'Alfa Romeo', b'1', b'0', b'0'),
	(6, 'ALPINA', b'1', b'0', b'0'),
	(7, 'Artega', b'1', b'0', b'0'),
	(8, 'Asia Motors', b'1', b'0', b'0'),
	(9, 'Aston Martin', b'1', b'0', b'0'),
	(10, 'Audi', b'1', b'0', b'0'),
	(11, 'Austin', b'1', b'0', b'0'),
	(12, 'Austin Healey', b'1', b'0', b'0'),
	(13, 'Bentley', b'1', b'0', b'0'),
	(14, 'BMW', b'1', b'0', b'0'),
	(15, 'Borgward', b'1', b'0', b'0'),
	(16, 'Brilliance', b'1', b'0', b'0'),
	(17, 'Bugatti', b'1', b'0', b'0'),
	(18, 'Buick', b'1', b'0', b'0'),
	(19, 'Cadillac', b'1', b'0', b'0'),
	(20, 'Casalini', b'1', b'0', b'0'),
	(21, 'Caterham', b'1', b'0', b'0'),
	(22, 'Chatenet', b'1', b'0', b'0'),
	(23, 'Chevrolet', b'1', b'0', b'0'),
	(24, 'Chrysler', b'1', b'0', b'0'),
	(25, 'Citroën', b'1', b'0', b'0'),
	(26, 'Cobra', b'1', b'0', b'0'),
	(27, 'Corvette', b'1', b'0', b'0'),
	(28, 'Dacia', b'1', b'0', b'0'),
	(29, 'Daewoo', b'1', b'0', b'0'),
	(30, 'Daihatsu', b'1', b'0', b'0'),
	(31, 'DeTomaso', b'1', b'0', b'0'),
	(32, 'Dodge', b'1', b'0', b'0'),
	(33, 'Ferrari', b'1', b'0', b'0'),
	(34, 'Fiat', b'1', b'0', b'0'),
	(35, 'Fisker', b'1', b'0', b'0'),
	(36, 'Ford', b'1', b'0', b'0'),
	(37, 'GAC Gonow', b'1', b'0', b'0'),
	(38, 'Gemballa', b'1', b'0', b'0'),
	(39, 'GMC', b'1', b'0', b'0'),
	(40, 'Grecav', b'1', b'0', b'0'),
	(41, 'Hamann', b'1', b'0', b'0'),
	(42, 'Holden', b'1', b'0', b'0'),
	(43, 'Honda', b'1', b'1', b'0'),
	(44, 'Hummer', b'1', b'0', b'0'),
	(45, 'Hyundai', b'1', b'0', b'0'),
	(46, 'Infiniti', b'1', b'0', b'0'),
	(47, 'Isuzu', b'1', b'0', b'1'),
	(48, 'Iveco', b'1', b'0', b'0'),
	(49, 'Jaguar', b'1', b'0', b'0'),
	(50, 'Jeep', b'1', b'0', b'0'),
	(51, 'Kia', b'1', b'0', b'0'),
	(52, 'KTM', b'1', b'0', b'0'),
	(53, 'Konigsegg', b'1', b'0', b'0'),
	(54, 'Lada', b'1', b'0', b'0'),
	(55, 'Lamborghini', b'1', b'0', b'0'),
	(56, 'Lancia', b'1', b'0', b'0'),
	(57, 'Land Rover', b'1', b'0', b'0'),
	(58, 'Landwind', b'1', b'0', b'1'),
	(59, 'Lexus', b'1', b'0', b'0'),
	(60, 'Ligier', b'1', b'0', b'0'),
	(61, 'Lincoln', b'1', b'0', b'0'),
	(62, 'Lotus', b'1', b'0', b'0'),
	(63, 'Mahindra', b'1', b'0', b'0'),
	(64, 'Maserati', b'1', b'0', b'0'),
	(65, 'Maybach', b'1', b'0', b'0'),
	(66, 'Mazda', b'1', b'0', b'0'),
	(67, 'McLaren', b'1', b'0', b'0'),
	(68, 'Mercedes-Benz', b'1', b'0', b'0'),
	(69, 'MG', b'1', b'0', b'0'),
	(70, 'Microcar', b'1', b'0', b'0'),
	(71, 'MINI', b'1', b'0', b'0'),
	(72, 'Mitsubishi', b'1', b'0', b'0'),
	(73, 'Morgan', b'1', b'0', b'0'),
	(74, 'Nissan', b'1', b'0', b'0'),
	(75, 'NSU', b'1', b'0', b'0'),
	(76, 'Oldsmobile', b'1', b'0', b'0'),
	(77, 'Opel', b'1', b'0', b'0'),
	(78, 'Pagani', b'1', b'0', b'0'),
	(79, 'Peugeot', b'1', b'0', b'0'),
	(80, 'Piaggio', b'1', b'1', b'0'),
	(81, 'Plymouth', b'1', b'0', b'0'),
	(82, 'Pontiac', b'1', b'0', b'0'),
	(83, 'Porsche', b'1', b'0', b'0'),
	(84, 'Proton', b'1', b'0', b'0'),
	(85, 'Renault', b'1', b'0', b'0'),
	(86, 'Rolls-Royce', b'1', b'0', b'0'),
	(87, 'Rover', b'1', b'0', b'0'),
	(88, 'Ruf', b'1', b'0', b'0'),
	(89, 'Saab', b'1', b'0', b'0'),
	(90, 'Santana', b'1', b'0', b'0'),
	(91, 'Seat', b'1', b'0', b'0'),
	(92, 'Skoda', b'1', b'0', b'0'),
	(93, 'Smart', b'1', b'0', b'0'),
	(94, 'speedART', b'1', b'0', b'0'),
	(95, 'Spyker', b'1', b'0', b'0'),
	(96, 'Ssangyong', b'1', b'0', b'0'),
	(97, 'Subaru', b'1', b'0', b'0'),
	(98, 'Suzuki', b'1', b'1', b'0'),
	(99, 'Talbot', b'1', b'0', b'0'),
	(100, 'Tata', b'1', b'0', b'0'),
	(101, 'TECHART', b'1', b'0', b'0'),
	(102, 'Tesla', b'1', b'0', b'0'),
	(103, 'Toyota', b'1', b'0', b'0'),
	(104, 'Trabant', b'1', b'0', b'0'),
	(105, 'Triumph', b'1', b'0', b'0'),
	(106, 'TVR', b'1', b'0', b'0'),
	(107, 'Volkswagen', b'1', b'0', b'0'),
	(108, 'Volvo', b'1', b'0', b'0'),
	(109, 'Wartburg', b'1', b'0', b'0'),
	(110, 'Westfield', b'1', b'0', b'0'),
	(111, 'Wiesmann', b'1', b'0', b'0'),
	(112, 'Polaris', b'0', b'0', b'1');
/*!40000 ALTER TABLE `marci` ENABLE KEYS */;

-- Dumping data for table proiectcolectiv.modele: ~1.806 rows (approximately)
/*!40000 ALTER TABLE `modele` DISABLE KEYS */;
REPLACE INTO `modele` (`ModelId`, `MakeId`, `ModelName`, `Type`) VALUES
	(1, 1, '500', 1),
	(2, 1, '500C', 1),
	(3, 1, '595', 1),
	(4, 1, '595C', 1),
	(5, 1, '695', 1),
	(6, 1, '695C', 1),
	(7, 1, 'Grande Punto', 1),
	(8, 1, 'Punto Evo', 1),
	(9, 3, 'MDX', 1),
	(10, 3, 'NSX', 1),
	(11, 3, 'RL', 1),
	(12, 3, 'RSX', 1),
	(13, 3, 'TL', 1),
	(14, 3, 'TSX', 1),
	(15, 4, 'City', 1),
	(16, 4, 'Crossline', 1),
	(17, 4, 'Roadline', 1),
	(18, 4, 'Scouty R', 1),
	(19, 5, '4C', 1),
	(20, 5, '8C', 1),
	(21, 5, 'Alfa 145', 1),
	(22, 5, 'Alfa 146', 1),
	(23, 5, 'Alfa 147', 1),
	(24, 5, 'Alfa 155', 1),
	(25, 5, 'Alfa 156', 1),
	(26, 5, 'Alfa 159', 1),
	(27, 5, 'Alfa 164', 1),
	(28, 5, 'Alfa 166', 1),
	(29, 5, 'Alfa 33', 1),
	(30, 5, 'Alfa 75', 1),
	(31, 5, 'Alfa 90', 1),
	(32, 5, 'Alfasud', 1),
	(33, 5, 'Alfetta', 1),
	(34, 5, 'Brera', 1),
	(35, 5, 'Crosswagon', 1),
	(36, 5, 'Giulia', 1),
	(37, 5, 'Giulietta', 1),
	(38, 5, 'GT', 1),
	(39, 5, 'GTV', 1),
	(40, 5, 'Junior', 1),
	(41, 5, 'MiTo', 1),
	(42, 5, 'Spider', 1),
	(43, 5, 'Sprint', 1),
	(44, 6, 'B10', 1),
	(45, 6, 'B12', 1),
	(46, 6, 'B3', 1),
	(47, 6, 'B4', 1),
	(48, 6, 'B5', 1),
	(49, 6, 'B6', 1),
	(50, 6, 'B7', 1),
	(51, 6, 'B8', 1),
	(52, 6, 'D 10', 1),
	(53, 6, 'D3', 1),
	(54, 6, 'D5', 1),
	(55, 6, 'Roadster S', 1),
	(56, 6, 'XD3', 1),
	(58, 8, 'Rocsta', 1),
	(59, 9, 'AR1', 1),
	(60, 9, 'Cygnet', 1),
	(61, 9, 'DB', 1),
	(62, 9, 'DB7', 1),
	(63, 9, 'DB9', 1),
	(64, 9, 'DBS', 1),
	(65, 9, 'Lagonda', 1),
	(66, 9, 'Rapide', 1),
	(67, 9, 'V12 Vantage', 1),
	(68, 9, 'V8 Vantage', 1),
	(69, 9, 'Vanquish', 1),
	(70, 9, 'Virage', 1),
	(71, 10, '100', 1),
	(72, 10, '200', 1),
	(73, 10, '80', 1),
	(74, 10, '90', 1),
	(75, 10, 'A1', 1),
	(76, 10, 'A2', 1),
	(77, 10, 'A3', 1),
	(78, 10, 'A4', 1),
	(79, 10, 'A4 Allroad', 1),
	(80, 10, 'A5', 1),
	(81, 10, 'A6', 1),
	(82, 10, 'A6 Allroad', 1),
	(83, 10, 'A7', 1),
	(84, 10, 'A8', 1),
	(85, 10, 'Cabriolet', 1),
	(86, 10, 'Coupé', 1),
	(87, 10, 'Q3', 1),
	(88, 10, 'Q5', 1),
	(89, 10, 'Q7', 1),
	(90, 10, 'QUATTRO', 1),
	(91, 10, 'R8', 1),
	(92, 10, 'RS2', 1),
	(93, 10, 'RS3', 1),
	(94, 10, 'RS4', 1),
	(95, 10, 'RS5', 1),
	(96, 10, 'RS6', 1),
	(97, 10, 'RS7', 1),
	(98, 10, 'RSQ3', 1),
	(99, 10, 'S1', 1),
	(100, 10, 'S2', 1),
	(101, 10, 'S3', 1),
	(102, 10, 'S4', 1),
	(103, 10, 'S5', 1),
	(104, 10, 'S6', 1),
	(105, 10, 'S7', 1),
	(106, 10, 'S8', 1),
	(107, 10, 'SQ5', 1),
	(108, 10, 'TT', 1),
	(110, 10, 'TT RS', 1),
	(111, 10, 'TTS', 1),
	(112, 10, 'V8', 1),
	(113, 13, 'Arnage', 1),
	(114, 13, 'Azure', 1),
	(115, 13, 'Brooklands', 1),
	(116, 13, 'Continental', 1),
	(117, 13, 'Continental Flying Spur', 1),
	(118, 13, 'Continental GT', 1),
	(119, 13, 'Continental GTC', 1),
	(120, 13, 'Continental Supersports', 1),
	(121, 13, 'Eight', 1),
	(122, 13, 'Flying Spur', 1),
	(123, 13, 'Mulsanne', 1),
	(124, 13, 'Turbo R', 1),
	(125, 13, 'Turbo RT', 1),
	(126, 13, 'Turbo S', 1),
	(127, 14, 'Seria 1', 1),
	(128, 14, '114', 1),
	(129, 14, '116', 1),
	(130, 14, '118', 1),
	(131, 14, '120', 1),
	(132, 14, '123', 1),
	(133, 14, '125', 1),
	(134, 14, '130', 1),
	(135, 14, '135', 1),
	(136, 14, '1er M Coupé', 1),
	(137, 14, '2002', 1),
	(138, 14, 'Seria 2', 1),
	(139, 14, '216', 1),
	(140, 14, '218', 1),
	(141, 14, '220', 1),
	(142, 14, '225', 1),
	(143, 14, '228', 1),
	(144, 14, 'Seria 3', 1),
	(145, 14, '315', 1),
	(146, 14, '316', 1),
	(147, 14, '318', 1),
	(148, 14, '318 Gran Turismo', 1),
	(149, 14, '320', 1),
	(150, 14, '320 Gran Turismo', 1),
	(151, 14, '323', 1),
	(152, 14, '324', 1),
	(153, 14, '325', 1),
	(154, 14, '325 Gran Turismo', 1),
	(155, 14, '328', 1),
	(156, 14, '328 Gran Turismo', 1),
	(157, 14, '330', 1),
	(158, 14, '330 Gran Turismo', 1),
	(159, 14, '335', 1),
	(160, 14, '335 Gran Turismo', 1),
	(161, 14, 'ActiveHybrid 3', 1),
	(162, 14, 'Seria 4', 1),
	(163, 14, '418 Gran Coupé', 1),
	(164, 14, '420', 1),
	(165, 14, '420 Gran Coupé', 1),
	(166, 14, '425', 1),
	(167, 14, '428', 1),
	(168, 14, '428 Gran Coupé', 1),
	(169, 14, '430', 1),
	(170, 14, '430 Gran Coupé', 1),
	(171, 14, '435', 1),
	(172, 14, '435 Gran Coupé', 1),
	(173, 14, 'Seria 5', 1),
	(174, 14, '518', 1),
	(175, 14, '520', 1),
	(176, 14, '520 Gran Turismo', 1),
	(177, 14, '523', 1),
	(178, 14, '524', 1),
	(179, 14, '525', 1),
	(180, 14, '528', 1),
	(181, 14, '530', 1),
	(182, 14, '530 Gran Turismo', 1),
	(183, 14, '535', 1),
	(184, 14, '535 Gran Turismo', 1),
	(185, 14, '540', 1),
	(186, 14, '545', 1),
	(187, 14, '550', 1),
	(188, 14, '550 Gran Turismo', 1),
	(189, 14, 'ActiveHybrid 5', 1),
	(190, 14, 'Seria 6', 1),
	(191, 14, '628', 1),
	(192, 14, '630', 1),
	(193, 14, '633', 1),
	(194, 14, '635', 1),
	(195, 14, '640', 1),
	(196, 14, '640 Gran Coupé', 1),
	(197, 14, '645', 1),
	(198, 14, '650', 1),
	(199, 14, '650 Gran Coupé', 1),
	(200, 14, 'Seria 7', 1),
	(201, 14, '725', 1),
	(202, 14, '728', 1),
	(203, 14, '730', 1),
	(204, 14, '732', 1),
	(205, 14, '735', 1),
	(206, 14, '740', 1),
	(207, 14, '745', 1),
	(208, 14, '750', 1),
	(209, 14, '760', 1),
	(210, 14, 'ActiveHybrid 7', 1),
	(211, 14, '840', 1),
	(212, 14, '850', 1),
	(213, 14, 'Seria X', 1),
	(214, 14, 'ActiveHybrid X6', 1),
	(215, 14, 'X1', 1),
	(216, 14, 'X3', 1),
	(217, 14, 'X4', 1),
	(218, 14, 'X5', 1),
	(219, 14, 'X5 M', 1),
	(220, 14, 'X5 M50', 1),
	(221, 14, 'X6', 1),
	(222, 14, 'X6 M', 1),
	(223, 14, 'X6 M50', 1),
	(224, 14, 'i3', 1),
	(225, 14, 'i8', 1),
	(226, 14, 'Modele M', 1),
	(227, 14, 'M135', 1),
	(228, 14, 'M235', 1),
	(229, 14, 'M3', 1),
	(230, 14, 'M4', 1),
	(231, 14, 'M5', 1),
	(232, 14, 'M550', 1),
	(233, 14, 'M6', 1),
	(234, 14, 'Seria Z', 1),
	(235, 14, 'Z1', 1),
	(236, 14, 'Z3', 1),
	(237, 14, 'Z3 M', 1),
	(238, 14, 'Z4', 1),
	(239, 14, 'Z4 M', 1),
	(240, 14, 'Z8', 1),
	(241, 16, 'BC3', 1),
	(242, 16, 'BS2', 1),
	(243, 16, 'BS4', 1),
	(244, 16, 'BS6', 1),
	(245, 17, 'EB 110', 1),
	(246, 17, 'Veyron', 1),
	(247, 18, 'Century', 1),
	(248, 18, 'Electra', 1),
	(249, 18, 'Enclave', 1),
	(250, 18, 'La Crosse', 1),
	(251, 18, 'Le Sabre', 1),
	(252, 18, 'Park Avenue', 1),
	(253, 18, 'Regal', 1),
	(254, 18, 'Riviera', 1),
	(255, 18, 'Roadmaster', 1),
	(256, 18, 'Skylark', 1),
	(257, 19, 'Allante', 1),
	(258, 19, 'ATS', 1),
	(259, 19, 'BLS', 1),
	(260, 19, 'CTS', 1),
	(261, 19, 'Deville', 1),
	(262, 19, 'Eldorado', 1),
	(263, 19, 'Escalade', 1),
	(264, 19, 'Fleetwood', 1),
	(265, 19, 'Seville', 1),
	(266, 19, 'SRX', 1),
	(267, 19, 'STS', 1),
	(268, 19, 'XLR', 1),
	(269, 23, '2500', 1),
	(270, 23, 'Alero', 1),
	(271, 23, 'Astro', 1),
	(272, 23, 'Avalanche', 1),
	(273, 23, 'Aveo', 1),
	(274, 23, 'Beretta', 1),
	(275, 23, 'Blazer', 1),
	(276, 23, 'C1500', 1),
	(277, 23, 'Camaro', 1),
	(278, 23, 'Caprice', 1),
	(279, 23, 'Captiva', 1),
	(280, 23, 'Cavalier', 1),
	(281, 23, 'Chevelle', 1),
	(282, 23, 'Chevy Van', 1),
	(283, 23, 'Citation', 1),
	(284, 23, 'Colorado', 1),
	(285, 23, 'Corsica', 1),
	(286, 23, 'Cruze', 1),
	(287, 23, 'El Camino', 1),
	(288, 23, 'Epica', 1),
	(289, 23, 'Evanda', 1),
	(290, 23, 'Express', 1),
	(291, 23, 'G', 1),
	(292, 23, 'HHR', 1),
	(293, 23, 'Impala', 1),
	(294, 23, 'K1500', 1),
	(295, 23, 'K30', 1),
	(296, 23, 'Kalos', 1),
	(297, 23, 'Lacetti', 1),
	(298, 23, 'Lumina', 1),
	(299, 23, 'Malibu', 1),
	(300, 23, 'Matiz', 1),
	(301, 23, 'Nubira', 1),
	(302, 23, 'Orlando', 1),
	(303, 23, 'Rezzo', 1),
	(304, 23, 'S-10', 1),
	(305, 23, 'Silverado', 1),
	(306, 23, 'Spark', 1),
	(307, 23, 'SSR', 1),
	(308, 23, 'Suburban', 1),
	(309, 23, 'Tahoe', 1),
	(310, 23, 'Trailblazer', 1),
	(311, 23, 'Trans Sport', 1),
	(312, 23, 'Trax', 1),
	(313, 23, 'Venture', 1),
	(314, 23, 'Volt', 1),
	(315, 24, '300C', 1),
	(316, 24, '300 M', 1),
	(317, 24, 'Aspen', 1),
	(318, 24, 'Crossfire', 1),
	(319, 24, 'Daytona', 1),
	(320, 24, 'ES', 1),
	(321, 24, 'Grand Voyager', 1),
	(322, 24, 'GS', 1),
	(323, 24, 'GTS', 1),
	(324, 24, 'Imperial', 1),
	(325, 24, 'Le Baron', 1),
	(326, 24, 'Neon', 1),
	(327, 24, 'New Yorker', 1),
	(328, 24, 'Pacifica', 1),
	(329, 24, 'PT Cruiser', 1),
	(330, 24, 'Saratoga', 1),
	(331, 24, 'Sebring', 1),
	(332, 24, 'Stratus', 1),
	(333, 24, 'Valiant', 1),
	(334, 24, 'Viper', 1),
	(335, 24, 'Vision', 1),
	(336, 24, 'Voyager', 1),
	(337, 25, '2 CV', 1),
	(338, 25, 'AX', 1),
	(339, 25, 'Berlingo', 1),
	(340, 25, 'BX', 1),
	(341, 25, 'C1', 1),
	(342, 25, 'C2', 1),
	(343, 25, 'C3', 1),
	(344, 25, 'C3 Picasso', 1),
	(345, 25, 'C4', 1),
	(346, 25, 'C4 Aircross', 1),
	(347, 25, 'C4 Cactus', 1),
	(348, 25, 'C4 Picasso', 1),
	(349, 25, 'C5', 1),
	(350, 25, 'C6', 1),
	(351, 25, 'C8', 1),
	(352, 25, 'C-Crosser', 1),
	(353, 25, 'CX', 1),
	(354, 25, 'C-Zero', 1),
	(355, 25, 'DS', 1),
	(356, 25, 'DS3', 1),
	(357, 25, 'DS4', 1),
	(358, 25, 'DS5', 1),
	(359, 25, 'Evasion', 1),
	(360, 25, 'Grand C4 Picasso', 1),
	(361, 25, 'GSA', 1),
	(362, 25, 'Jumper', 1),
	(363, 25, 'Jumpy', 1),
	(364, 25, 'Nemo', 1),
	(365, 25, 'SAXO', 1),
	(366, 25, 'SM', 1),
	(367, 25, 'Visa', 1),
	(368, 25, 'Xantia', 1),
	(369, 25, 'XM', 1),
	(370, 25, 'Xsara', 1),
	(371, 25, 'Xsara Picasso', 1),
	(372, 25, 'ZX', 1),
	(379, 27, 'C7', 1),
	(380, 27, 'Z06', 1),
	(381, 27, 'ZR 1', 1),
	(382, 28, 'Dokker', 1),
	(383, 28, 'Duster', 1),
	(384, 28, 'Lodgy', 1),
	(385, 28, 'Logan', 1),
	(386, 28, 'Logan Pick-Up', 1),
	(387, 28, 'Pick Up', 1),
	(388, 28, 'Sandero', 1),
	(389, 29, 'Espero', 1),
	(392, 29, 'Korando', 1),
	(394, 29, 'Leganza', 1),
	(396, 29, 'Musso', 1),
	(397, 29, 'Nexia', 1),
	(399, 29, 'Rezzo', 1),
	(400, 29, 'Tacuma', 1),
	(401, 30, 'Applause', 1),
	(402, 30, 'Charade', 1),
	(403, 30, 'Charmant', 1),
	(404, 30, 'Copen', 1),
	(405, 30, 'Cuore', 1),
	(406, 30, 'Feroza/Sportrak', 1),
	(407, 30, 'Freeclimber', 1),
	(408, 30, 'Gran Move', 1),
	(409, 30, 'Hijet', 1),
	(410, 30, 'MATERIA', 1),
	(411, 30, 'Move', 1),
	(412, 30, 'Rocky/Fourtrak', 1),
	(413, 30, 'Sirion', 1),
	(414, 30, 'Terios', 1),
	(415, 30, 'TREVIS', 1),
	(416, 30, 'YRV', 1),
	(417, 31, 'Guarà', 1),
	(418, 31, 'Pantera', 1),
	(419, 32, 'Avenger', 1),
	(420, 32, 'Caliber', 1),
	(421, 32, 'Challenger', 1),
	(422, 32, 'Charger', 1),
	(423, 32, 'Dakota', 1),
	(424, 32, 'Demon', 1),
	(425, 32, 'Durango', 1),
	(426, 32, 'Grand Caravan', 1),
	(427, 32, 'Hornet', 1),
	(428, 32, 'Journey', 1),
	(429, 32, 'Magnum', 1),
	(430, 32, 'Neon', 1),
	(431, 32, 'Nitro', 1),
	(432, 32, 'RAM', 1),
	(433, 32, 'Stealth', 1),
	(434, 32, 'Viper', 1),
	(435, 33, '208', 1),
	(436, 33, '246', 1),
	(437, 33, '250', 1),
	(438, 33, '275', 1),
	(439, 33, '288', 1),
	(440, 33, '308', 1),
	(441, 33, '328', 1),
	(442, 33, '330', 1),
	(443, 33, '348', 1),
	(444, 33, '360', 1),
	(445, 33, '365', 1),
	(446, 33, '400', 1),
	(447, 33, '412', 1),
	(448, 33, '456', 1),
	(449, 33, '458', 1),
	(450, 33, '512', 1),
	(451, 33, '550', 1),
	(452, 33, '575', 1),
	(453, 33, '599 GTB', 1),
	(454, 33, '612', 1),
	(455, 33, '750', 1),
	(456, 33, 'California', 1),
	(457, 33, 'Daytona', 1),
	(458, 33, 'Dino GT4', 1),
	(459, 33, 'Enzo Ferrari', 1),
	(460, 33, 'F12', 1),
	(461, 33, 'F355', 1),
	(462, 33, 'F40', 1),
	(463, 33, 'F430', 1),
	(464, 33, 'F50', 1),
	(465, 33, 'FF', 1),
	(466, 33, 'LaFerrari', 1),
	(467, 33, 'Mondial', 1),
	(468, 33, 'Superamerica', 1),
	(469, 33, 'Testarossa', 1),
	(470, 34, '124', 1),
	(471, 34, '126', 1),
	(472, 34, '127', 1),
	(473, 34, '130', 1),
	(474, 34, '131', 1),
	(475, 34, '500', 1),
	(476, 34, '500C', 1),
	(477, 34, '500L', 1),
	(478, 34, '500L Living', 1),
	(479, 34, '500L Trekking', 1),
	(480, 34, '500X', 1),
	(481, 34, 'Barchetta', 1),
	(482, 34, 'Brava', 1),
	(483, 34, 'Bravo', 1),
	(484, 34, 'Cinquecento', 1),
	(485, 34, 'Coupe', 1),
	(486, 34, 'Croma', 1),
	(487, 34, 'Dino', 1),
	(488, 34, 'Doblo', 1),
	(489, 34, 'Ducato', 1),
	(490, 34, 'Fiorino', 1),
	(491, 34, 'Freemont', 1),
	(492, 34, 'Grande Punto', 1),
	(493, 34, 'Idea', 1),
	(494, 34, 'Linea', 1),
	(495, 34, 'Marea', 1),
	(496, 34, 'Marengo', 1),
	(497, 34, 'Multipla', 1),
	(498, 34, 'New Panda', 1),
	(499, 34, 'Palio', 1),
	(500, 34, 'Panda', 1),
	(501, 34, 'Punto', 1),
	(502, 34, 'Punto Evo', 1),
	(503, 34, 'Qubo', 1),
	(504, 34, 'Regata', 1),
	(505, 34, 'Ritmo', 1),
	(506, 34, 'Scudo', 1),
	(507, 34, 'Sedici', 1),
	(508, 34, 'Seicento', 1),
	(509, 34, 'Spider Europa', 1),
	(510, 34, 'Stilo', 1),
	(511, 34, 'Strada', 1),
	(512, 34, 'Tempra', 1),
	(513, 34, 'Tipo', 1),
	(514, 34, 'Ulysse', 1),
	(515, 34, 'Uno', 1),
	(516, 34, 'X 1/9', 1),
	(517, 35, 'Karma', 1),
	(518, 36, 'Aerostar', 1),
	(519, 36, 'B-Max', 1),
	(520, 36, 'Bronco', 1),
	(521, 36, 'Capri', 1),
	(522, 36, 'C-Max', 1),
	(523, 36, 'Cougar', 1),
	(524, 36, 'Courier', 1),
	(525, 36, 'Crown', 1),
	(526, 36, 'Econoline', 1),
	(527, 36, 'Econovan', 1),
	(528, 36, 'EcoSport', 1),
	(529, 36, 'Edge', 1),
	(530, 36, 'Escape', 1),
	(531, 36, 'Escort', 1),
	(532, 36, 'Excursion', 1),
	(533, 36, 'Expedition', 1),
	(534, 36, 'Explorer', 1),
	(535, 36, 'Express', 1),
	(536, 36, 'F 150', 1),
	(537, 36, 'F 250', 1),
	(538, 36, 'F 350', 1),
	(539, 36, 'Fairlane', 1),
	(540, 36, 'Falcon', 1),
	(541, 36, 'Fiesta', 1),
	(542, 36, 'Flex', 1),
	(543, 36, 'Focus', 1),
	(544, 36, 'Fusion', 1),
	(545, 36, 'Galaxy', 1),
	(546, 36, 'Granada', 1),
	(547, 36, 'Grand C-Max', 1),
	(548, 36, 'Grand Tourneo', 1),
	(549, 36, 'GT', 1),
	(550, 36, 'Ka', 1),
	(551, 36, 'Kuga', 1),
	(552, 36, 'Maverick', 1),
	(553, 36, 'Mercury', 1),
	(554, 36, 'Mondeo', 1),
	(555, 36, 'Mustang', 1),
	(556, 36, 'Orion', 1),
	(557, 36, 'Probe', 1),
	(558, 36, 'Puma', 1),
	(559, 36, 'Ranger', 1),
	(560, 36, 'Raptor', 1),
	(561, 36, 'Scorpio', 1),
	(562, 36, 'Sierra', 1),
	(563, 36, 'S-Max', 1),
	(564, 36, 'Sportka', 1),
	(565, 36, 'Streetka', 1),
	(566, 36, 'Taunus', 1),
	(567, 36, 'Taurus', 1),
	(568, 36, 'Thunderbird', 1),
	(569, 36, 'Tourneo', 1),
	(570, 36, 'Transit', 1),
	(571, 36, 'Transit', 1),
	(572, 36, 'Transit Connect', 1),
	(573, 36, 'Transit Courier', 1),
	(574, 36, 'Transit Custom', 1),
	(575, 36, 'Windstar', 1),
	(576, 39, 'Acadia', 1),
	(577, 39, 'Envoy', 1),
	(578, 39, 'Safari', 1),
	(579, 39, 'Savana', 1),
	(580, 39, 'Sierra', 1),
	(581, 39, 'Sonoma', 1),
	(582, 39, 'Syclone', 1),
	(583, 39, 'Typhoon', 1),
	(584, 39, 'Vandura', 1),
	(585, 39, 'Yukon', 1),
	(586, 40, 'Sonique', 1),
	(587, 43, 'Accord', 1),
	(588, 43, 'Aerodeck', 1),
	(589, 43, 'Civic', 1),
	(590, 43, 'Concerto', 1),
	(591, 43, 'CR-V', 1),
	(592, 43, 'CRX', 1),
	(593, 43, 'CR-Z', 1),
	(594, 43, 'Element', 1),
	(595, 43, 'FR-V', 1),
	(596, 43, 'HR-V', 1),
	(597, 43, 'Insight', 1),
	(598, 43, 'Integra', 1),
	(599, 43, 'Jazz', 1),
	(600, 43, 'Legend', 1),
	(601, 43, 'Logo', 1),
	(602, 43, 'NSX', 1),
	(603, 43, 'Odyssey', 1),
	(604, 43, 'Prelude', 1),
	(605, 43, 'S2000', 1),
	(606, 43, 'Shuttle', 1),
	(607, 43, 'Stream', 1),
	(608, 44, 'H1', 1),
	(609, 44, 'H2', 1),
	(610, 44, 'H3', 1),
	(611, 45, 'Accent', 1),
	(612, 45, 'Atos', 1),
	(613, 45, 'Azera', 1),
	(614, 45, 'Coupe', 1),
	(615, 45, 'Elantra', 1),
	(616, 45, 'Excel', 1),
	(617, 45, 'Galloper', 1),
	(618, 45, 'Genesis', 1),
	(619, 45, 'Getz', 1),
	(620, 45, 'Grandeur', 1),
	(621, 45, 'Grand Santa Fe', 1),
	(622, 45, 'H-1', 1),
	(623, 45, 'H 100', 1),
	(624, 45, 'H-1 Starex', 1),
	(625, 45, 'H 200', 1),
	(626, 45, 'i10', 1),
	(627, 45, 'i20', 1),
	(628, 45, 'i30', 1),
	(629, 45, 'i40', 1),
	(630, 45, 'i50', 1),
	(631, 45, 'ix20', 1),
	(632, 45, 'ix35', 1),
	(633, 45, 'ix55', 1),
	(634, 45, 'Lantra', 1),
	(635, 45, 'Matrix', 1),
	(636, 45, 'Pony', 1),
	(637, 45, 'Santa Fe', 1),
	(638, 45, 'Santamo', 1),
	(639, 45, 'S-Coupe', 1),
	(640, 45, 'Sonata', 1),
	(641, 45, 'Terracan', 1),
	(642, 45, 'Trajet', 1),
	(643, 45, 'Tucson', 1),
	(644, 45, 'Veloster', 1),
	(645, 45, 'Veracruz', 1),
	(646, 45, 'XG 30', 1),
	(647, 45, 'XG 350', 1),
	(648, 46, 'EX30', 1),
	(649, 46, 'EX35', 1),
	(650, 46, 'EX37', 1),
	(651, 46, 'FX', 1),
	(652, 46, 'G35', 1),
	(653, 46, 'G37', 1),
	(654, 46, 'M30', 1),
	(655, 46, 'M35', 1),
	(656, 46, 'M37', 1),
	(657, 46, 'Q45', 1),
	(658, 46, 'Q50', 1),
	(659, 46, 'Q60', 1),
	(660, 46, 'Q70', 1),
	(661, 46, 'QX50', 1),
	(662, 46, 'QX56', 1),
	(663, 46, 'QX70', 1),
	(664, 47, 'Campo', 1),
	(665, 47, 'D-Max', 1),
	(666, 47, 'Gemini', 1),
	(667, 47, 'Midi', 1),
	(668, 47, 'PICK UP', 1),
	(669, 47, 'Trooper', 1),
	(670, 48, 'Massif', 1),
	(671, 49, 'Daimler', 1),
	(672, 49, 'E-Type', 1),
	(673, 49, 'F-Type', 1),
	(674, 49, 'MK II', 1),
	(675, 49, 'S-Type', 1),
	(676, 49, 'XE', 1),
	(677, 49, 'XF', 1),
	(678, 49, 'XJ', 1),
	(679, 49, 'XJ12', 1),
	(680, 49, 'XJ40', 1),
	(681, 49, 'XJ6', 1),
	(682, 49, 'XJ8', 1),
	(683, 49, 'XJR', 1),
	(684, 49, 'XJS', 1),
	(685, 49, 'XJSC', 1),
	(686, 49, 'XK', 1),
	(687, 49, 'XKR', 1),
	(688, 49, 'X-Type', 1),
	(689, 50, 'Cherokee', 1),
	(690, 50, 'CJ', 1),
	(691, 50, 'Comanche', 1),
	(692, 50, 'Commander', 1),
	(693, 50, 'Compass', 1),
	(694, 50, 'Grand Cherokee', 1),
	(695, 50, 'Patriot', 1),
	(696, 50, 'Renegade', 1),
	(697, 50, 'Wagoneer', 1),
	(698, 50, 'Willys', 1),
	(699, 50, 'Wrangler', 1),
	(700, 51, 'Besta', 1),
	(701, 51, 'Borrego', 1),
	(702, 51, 'Carens', 1),
	(703, 51, 'Carnival', 1),
	(704, 51, 'ceed', 1),
	(705, 51, 'ceed Sportswagon', 1),
	(706, 51, 'Cerato', 1),
	(707, 51, 'Clarus', 1),
	(708, 51, 'Elan', 1),
	(709, 51, 'Joice', 1),
	(710, 51, 'K2500', 1),
	(711, 51, 'K2700', 1),
	(712, 51, 'Leo', 1),
	(713, 51, 'Magentis', 1),
	(714, 51, 'Mentor', 1),
	(715, 51, 'Mini', 1),
	(716, 51, 'Opirus', 1),
	(717, 51, 'Optima', 1),
	(718, 51, 'Picanto', 1),
	(719, 51, 'Pregio', 1),
	(720, 51, 'Pride', 1),
	(721, 51, 'pro_ceed', 1),
	(722, 51, 'Retona', 1),
	(723, 51, 'Rio', 1),
	(724, 51, 'Roadster', 1),
	(725, 51, 'Rocsta', 1),
	(726, 51, 'Sephia', 1),
	(727, 51, 'Shuma', 1),
	(728, 51, 'Sorento', 1),
	(729, 51, 'Soul', 1),
	(730, 51, 'Sportage', 1),
	(731, 51, 'Venga', 1),
	(732, 52, 'X-BOW', 1),
	(733, 53, 'CCR', 1),
	(734, 54, '110', 1),
	(735, 54, '111', 1),
	(736, 54, '112', 1),
	(737, 54, '1200', 1),
	(738, 54, '2107', 1),
	(739, 54, '2110', 1),
	(740, 54, '2111', 1),
	(741, 54, '2112', 1),
	(742, 54, 'Aleko', 1),
	(743, 54, 'Forma', 1),
	(744, 54, 'Granta', 1),
	(745, 54, 'Kalina', 1),
	(746, 54, 'Niva', 1),
	(747, 54, 'Nova', 1),
	(748, 54, 'Priora', 1),
	(749, 54, 'Samara', 1),
	(750, 55, 'Aventador', 1),
	(751, 55, 'Countach', 1),
	(752, 55, 'Diablo', 1),
	(753, 55, 'Espada', 1),
	(754, 55, 'Gallardo', 1),
	(755, 55, 'Huracán', 1),
	(756, 55, 'Jalpa', 1),
	(757, 55, 'LM', 1),
	(758, 55, 'Miura', 1),
	(759, 55, 'Murciélago', 1),
	(760, 55, 'Urraco', 1),
	(761, 56, 'Beta', 1),
	(762, 56, 'Dedra', 1),
	(763, 56, 'Delta', 1),
	(764, 56, 'Flaminia', 1),
	(765, 56, 'Flavia', 1),
	(766, 56, 'Fulvia', 1),
	(767, 56, 'Gamma', 1),
	(768, 56, 'Kappa', 1),
	(769, 56, 'Lybra', 1),
	(770, 56, 'MUSA', 1),
	(771, 56, 'Phedra', 1),
	(772, 56, 'Prisma', 1),
	(773, 56, 'Stratos', 1),
	(774, 56, 'Thema', 1),
	(775, 56, 'Thesis', 1),
	(776, 56, 'Voyager', 1),
	(777, 56, 'Ypsilon', 1),
	(778, 56, 'Zeta', 1),
	(779, 57, 'Defender', 1),
	(780, 57, 'Discovery', 1),
	(781, 57, 'Discovery Sport', 1),
	(782, 57, 'Freelander', 1),
	(783, 57, 'Range Rover', 1),
	(784, 57, 'Range Rover Evoque', 1),
	(785, 57, 'Range Rover Sport', 1),
	(786, 57, 'Serie I', 1),
	(787, 57, 'Serie II', 1),
	(788, 57, 'Serie III', 1),
	(789, 58, 'CV-9', 1),
	(790, 58, 'S', 1),
	(791, 58, 'SC2', 1),
	(792, 58, 'SC4', 1),
	(793, 59, 'CT 200h', 1),
	(794, 59, 'seria ES', 1),
	(795, 59, 'ES 300', 1),
	(796, 59, 'ES 330', 1),
	(797, 59, 'ES 350', 1),
	(798, 59, 'seria GS', 1),
	(799, 59, 'GS 250', 1),
	(800, 59, 'GS 300', 1),
	(801, 59, 'GS 350', 1),
	(802, 59, 'GS 430', 1),
	(803, 59, 'GS 450', 1),
	(804, 59, 'GS 460', 1),
	(805, 59, 'GX 470', 1),
	(806, 59, 'seria IS', 1),
	(807, 59, 'IS 200', 1),
	(808, 59, 'IS 220', 1),
	(809, 59, 'IS 250', 1),
	(810, 59, 'IS 300', 1),
	(811, 59, 'IS 350', 1),
	(812, 59, 'IS-F', 1),
	(813, 59, 'seria LS', 1),
	(814, 59, 'LS 400', 1),
	(815, 59, 'LS 430', 1),
	(816, 59, 'LS 460', 1),
	(817, 59, 'LS 600', 1),
	(818, 59, 'seria LX', 1),
	(819, 59, 'LX 470', 1),
	(820, 59, 'LX 570', 1),
	(821, 59, 'seria NX', 1),
	(822, 59, 'NX 200', 1),
	(823, 59, 'NX 300', 1),
	(824, 59, 'seria RX', 1),
	(825, 59, 'RX 300', 1),
	(826, 59, 'RX 330', 1),
	(827, 59, 'RX 350', 1),
	(828, 59, 'RX 400', 1),
	(829, 59, 'RX 450', 1),
	(830, 59, 'SC 400', 1),
	(831, 59, 'SC 430', 1),
	(832, 60, 'Ambra', 1),
	(833, 60, 'JS 50', 1),
	(834, 60, 'Nova', 1),
	(835, 60, 'Optima', 1),
	(836, 60, 'X - Too', 1),
	(837, 61, 'Aviator', 1),
	(838, 61, 'Continental', 1),
	(839, 61, 'LS', 1),
	(840, 61, 'Mark', 1),
	(841, 61, 'Navigator', 1),
	(842, 61, 'Town Car', 1),
	(843, 62, '340 R', 1),
	(844, 62, 'Cortina', 1),
	(845, 62, 'Elan', 1),
	(846, 62, 'Elise', 1),
	(847, 62, 'Elite', 1),
	(848, 62, 'Esprit', 1),
	(849, 62, 'Europa', 1),
	(850, 62, 'Evora', 1),
	(851, 62, 'Excel', 1),
	(852, 62, 'Exige', 1),
	(853, 62, 'Super Seven', 1),
	(854, 64, '222', 1),
	(855, 64, '224', 1),
	(856, 64, '228', 1),
	(857, 64, '3200', 1),
	(858, 64, '418', 1),
	(859, 64, '420', 1),
	(860, 64, '4200', 1),
	(861, 64, '422', 1),
	(862, 64, '424', 1),
	(863, 64, '430', 1),
	(864, 64, 'Biturbo', 1),
	(865, 64, 'Ghibli', 1),
	(866, 64, 'GranCabrio', 1),
	(867, 64, 'Gransport', 1),
	(868, 64, 'Granturismo', 1),
	(869, 64, 'Indy', 1),
	(870, 64, 'Karif', 1),
	(871, 64, 'MC12', 1),
	(872, 64, 'Merak', 1),
	(873, 64, 'Quattroporte', 1),
	(874, 64, 'Shamal', 1),
	(875, 64, 'Spyder', 1),
	(876, 65, '57', 1),
	(877, 65, '62', 1),
	(878, 66, '121', 1),
	(879, 66, '2', 1),
	(880, 66, '3', 1),
	(881, 66, '323', 1),
	(882, 66, '5', 1),
	(883, 66, '6', 1),
	(884, 66, '626', 1),
	(885, 66, '929', 1),
	(886, 66, 'Bongo', 1),
	(887, 66, 'B series', 1),
	(888, 66, 'BT-50', 1),
	(889, 66, 'CX-5', 1),
	(890, 66, 'CX-7', 1),
	(891, 66, 'CX-9', 1),
	(892, 66, 'Demio', 1),
	(893, 66, 'E series', 1),
	(894, 66, 'Millenia', 1),
	(895, 66, 'MPV', 1),
	(896, 66, 'MX-3', 1),
	(897, 66, 'MX-5', 1),
	(898, 66, 'MX-6', 1),
	(899, 66, 'Premacy', 1),
	(900, 66, 'Protege', 1),
	(901, 66, 'RX-6', 1),
	(902, 66, 'RX-7', 1),
	(903, 66, 'RX-8', 1),
	(904, 66, 'Tribute', 1),
	(905, 66, 'Xedos', 1),
	(906, 67, '650S Coupé', 1),
	(907, 67, '650S Spider', 1),
	(908, 67, 'MP4-12C', 1),
	(909, 68, '190', 1),
	(910, 68, '200', 1),
	(911, 68, '220', 1),
	(912, 68, '230', 1),
	(913, 68, '240', 1),
	(914, 68, '250', 1),
	(915, 68, '260', 1),
	(916, 68, '270', 1),
	(917, 68, '280', 1),
	(918, 68, '290', 1),
	(919, 68, '300', 1),
	(920, 68, '320', 1),
	(921, 68, '350', 1),
	(922, 68, '380', 1),
	(923, 68, '400', 1),
	(924, 68, '416', 1),
	(925, 68, '420', 1),
	(926, 68, '450', 1),
	(927, 68, '500', 1),
	(928, 68, '560', 1),
	(929, 68, '600', 1),
	(930, 68, 'A-Klasse', 1),
	(931, 68, 'A 140', 1),
	(932, 68, 'A 150', 1),
	(933, 68, 'A 160', 1),
	(934, 68, 'A 170', 1),
	(935, 68, 'A 180', 1),
	(936, 68, 'A 190', 1),
	(937, 68, 'A 200', 1),
	(938, 68, 'A 210', 1),
	(939, 68, 'A 220', 1),
	(940, 68, 'A 250', 1),
	(941, 68, 'A 45 AMG', 1),
	(942, 68, 'AMG GT', 1),
	(943, 68, 'B-Klasse', 1),
	(944, 68, 'B 150', 1),
	(945, 68, 'B 160', 1),
	(946, 68, 'B 170', 1),
	(947, 68, 'B 180', 1),
	(948, 68, 'B 200', 1),
	(949, 68, 'B 220', 1),
	(950, 68, 'B 250', 1),
	(951, 68, 'B Electric Drive', 1),
	(952, 68, 'C-Klasse', 1),
	(953, 68, 'C 160', 1),
	(954, 68, 'C 180', 1),
	(955, 68, 'C 200', 1),
	(956, 68, 'C 220', 1),
	(957, 68, 'C 230', 1),
	(958, 68, 'C 240', 1),
	(959, 68, 'C 250', 1),
	(960, 68, 'C 270', 1),
	(961, 68, 'C 280', 1),
	(962, 68, 'C 300', 1),
	(963, 68, 'C 30 AMG', 1),
	(964, 68, 'C 320', 1),
	(965, 68, 'C 32 AMG', 1),
	(966, 68, 'C 350', 1),
	(967, 68, 'C 36 AMG', 1),
	(968, 68, 'C 400', 1),
	(969, 68, 'C 43 AMG', 1),
	(970, 68, 'C 55 AMG', 1),
	(971, 68, 'C 63 AMG', 1),
	(972, 68, 'CE-Klasse', 1),
	(973, 68, 'CE 200', 1),
	(974, 68, 'CE 220', 1),
	(975, 68, 'CE 230', 1),
	(976, 68, 'CE 280', 1),
	(977, 68, 'CE 300', 1),
	(978, 68, 'CE 320', 1),
	(979, 68, 'Citan', 1),
	(980, 68, 'CL-Klasse', 1),
	(981, 68, 'CL 160', 1),
	(982, 68, 'CL 180', 1),
	(983, 68, 'CL 200', 1),
	(984, 68, 'CL 220', 1),
	(985, 68, 'CL 230', 1),
	(986, 68, 'CL 320', 1),
	(987, 68, 'CL 420', 1),
	(988, 68, 'CL 500', 1),
	(989, 68, 'CL 55 AMG', 1),
	(990, 68, 'CL 600', 1),
	(991, 68, 'CL 63 AMG', 1),
	(992, 68, 'CL 65 AMG', 1),
	(993, 68, 'CLA-Klasse', 1),
	(994, 68, 'CLA 180', 1),
	(995, 68, 'CLA 200', 1),
	(996, 68, 'CLA 220', 1),
	(997, 68, 'CLA 250', 1),
	(998, 68, 'CLA 45 AMG', 1),
	(999, 68, 'CLC-Klasse', 1),
	(1000, 68, 'CLC 160', 1),
	(1001, 68, 'CLC 180', 1),
	(1002, 68, 'CLC 200', 1),
	(1003, 68, 'CLC 220', 1),
	(1004, 68, 'CLC 230', 1),
	(1005, 68, 'CLC 250', 1),
	(1006, 68, 'CLC 350', 1),
	(1007, 68, 'CLK-Klasse', 1),
	(1008, 68, 'CLK 200', 1),
	(1009, 68, 'CLK 220', 1),
	(1010, 68, 'CLK 230', 1),
	(1011, 68, 'CLK 240', 1),
	(1012, 68, 'CLK 270', 1),
	(1013, 68, 'CLK 280', 1),
	(1014, 68, 'CLK 320', 1),
	(1015, 68, 'CLK 350', 1),
	(1016, 68, 'CLK 430', 1),
	(1017, 68, 'CLK 500', 1),
	(1018, 68, 'CLK 55 AMG', 1),
	(1019, 68, 'CLK 63 AMG', 1),
	(1020, 68, 'CLS-Klasse', 1),
	(1021, 68, 'CLS 220', 1),
	(1022, 68, 'CLS 250', 1),
	(1023, 68, 'CLS 280', 1),
	(1024, 68, 'CLS 300', 1),
	(1025, 68, 'CLS 320', 1),
	(1026, 68, 'CLS 350', 1),
	(1027, 68, 'CLS 400', 1),
	(1028, 68, 'CLS 500', 1),
	(1029, 68, 'CLS 55 AMG', 1),
	(1030, 68, 'CLS 63 AMG', 1),
	(1031, 68, 'E-Klasse', 1),
	(1032, 68, 'E 200', 1),
	(1033, 68, 'E 220', 1),
	(1034, 68, 'E 230', 1),
	(1035, 68, 'E 240', 1),
	(1036, 68, 'E 250', 1),
	(1037, 68, 'E 260', 1),
	(1038, 68, 'E 270', 1),
	(1039, 68, 'E 280', 1),
	(1040, 68, 'E 290', 1),
	(1041, 68, 'E 300', 1),
	(1042, 68, 'E 320', 1),
	(1043, 68, 'E 350', 1),
	(1044, 68, 'E 36 AMG', 1),
	(1045, 68, 'E 400', 1),
	(1046, 68, 'E 420', 1),
	(1047, 68, 'E 430', 1),
	(1048, 68, 'E 50', 1),
	(1049, 68, 'E 500', 1),
	(1050, 68, 'E 55 AMG', 1),
	(1051, 68, 'E 60 AMG', 1),
	(1052, 68, 'E 63 AMG', 1),
	(1053, 68, 'G-Klasse', 1),
	(1054, 68, 'G 230', 1),
	(1055, 68, 'G 240', 1),
	(1056, 68, 'G 250', 1),
	(1057, 68, 'G 270', 1),
	(1058, 68, 'G 280', 1),
	(1059, 68, 'G 290', 1),
	(1060, 68, 'G 300', 1),
	(1061, 68, 'G 320', 1),
	(1062, 68, 'G 350', 1),
	(1063, 68, 'G 400', 1),
	(1064, 68, 'G 500', 1),
	(1065, 68, 'G 55 AMG', 1),
	(1066, 68, 'G 63 AMG', 1),
	(1067, 68, 'G 65 AMG', 1),
	(1068, 68, 'GL-Klasse', 1),
	(1069, 68, 'GL 320', 1),
	(1070, 68, 'GL 350', 1),
	(1071, 68, 'GL 400', 1),
	(1072, 68, 'GL 420', 1),
	(1073, 68, 'GL 450', 1),
	(1074, 68, 'GL 500', 1),
	(1075, 68, 'GL 55 AMG', 1),
	(1076, 68, 'GL 63 AMG', 1),
	(1077, 68, 'GLA-Klasse', 1),
	(1078, 68, 'GLA 180', 1),
	(1079, 68, 'GLA 200', 1),
	(1080, 68, 'GLA 220', 1),
	(1081, 68, 'GLA 250', 1),
	(1082, 68, 'GLA 45 AMG', 1),
	(1083, 68, 'GLE 450 AMG', 1),
	(1084, 68, 'GLK-Klasse', 1),
	(1085, 68, 'GLK 200', 1),
	(1086, 68, 'GLK 220', 1),
	(1087, 68, 'GLK 250', 1),
	(1088, 68, 'GLK 280', 1),
	(1089, 68, 'GLK 300', 1),
	(1090, 68, 'GLK 320', 1),
	(1091, 68, 'GLK 350', 1),
	(1092, 68, 'MB 100', 1),
	(1093, 68, 'ML-Klasse', 1),
	(1094, 68, 'ML 230', 1),
	(1095, 68, 'ML 250', 1),
	(1096, 68, 'ML 270', 1),
	(1097, 68, 'ML 280', 1),
	(1098, 68, 'ML 300', 1),
	(1099, 68, 'ML 320', 1),
	(1100, 68, 'ML 350', 1),
	(1101, 68, 'ML 400', 1),
	(1102, 68, 'ML 420', 1),
	(1103, 68, 'ML 430', 1),
	(1104, 68, 'ML 450', 1),
	(1105, 68, 'ML 500', 1),
	(1106, 68, 'ML 55 AMG', 1),
	(1107, 68, 'ML 63 AMG', 1),
	(1108, 68, 'R-Klasse', 1),
	(1109, 68, 'R 280', 1),
	(1110, 68, 'R 300', 1),
	(1111, 68, 'R 320', 1),
	(1112, 68, 'R 350', 1),
	(1113, 68, 'R 500', 1),
	(1114, 68, 'R 63 AMG', 1),
	(1115, 68, 'S-Klasse', 1),
	(1116, 68, 'S 250', 1),
	(1117, 68, 'S 260', 1),
	(1118, 68, 'S 280', 1),
	(1119, 68, 'S 300', 1),
	(1120, 68, 'S 320', 1),
	(1121, 68, 'S 350', 1),
	(1122, 68, 'S 400', 1),
	(1123, 68, 'S 420', 1),
	(1124, 68, 'S 430', 1),
	(1125, 68, 'S 450', 1),
	(1126, 68, 'S 500', 1),
	(1127, 68, 'S 55', 1),
	(1128, 68, 'S 550', 1),
	(1129, 68, 'S 600', 1),
	(1130, 68, 'S 63 AMG', 1),
	(1131, 68, 'S 65 AMG', 1),
	(1132, 68, 'SL-Klasse', 1),
	(1133, 68, 'SL 280', 1),
	(1134, 68, 'SL 300', 1),
	(1135, 68, 'SL 320', 1),
	(1136, 68, 'SL 350', 1),
	(1137, 68, 'SL 380', 1),
	(1138, 68, 'SL 400', 1),
	(1139, 68, 'SL 420', 1),
	(1140, 68, 'SL 450', 1),
	(1141, 68, 'SL 500', 1),
	(1142, 68, 'SL 55 AMG', 1),
	(1143, 68, 'SL 560', 1),
	(1144, 68, 'SL 600', 1),
	(1145, 68, 'SL 60 AMG', 1),
	(1146, 68, 'SL 63 AMG', 1),
	(1147, 68, 'SL 65 AMG', 1),
	(1148, 68, 'SL 70 AMG', 1),
	(1149, 68, 'SL 73 AMG', 1),
	(1150, 68, 'SLK-Klasse', 1),
	(1151, 68, 'SLK 200', 1),
	(1152, 68, 'SLK 230', 1),
	(1153, 68, 'SLK 250', 1),
	(1154, 68, 'SLK 280', 1),
	(1155, 68, 'SLK 300', 1),
	(1156, 68, 'SLK 320', 1),
	(1157, 68, 'SLK 32 AMG', 1),
	(1158, 68, 'SLK 350', 1),
	(1159, 68, 'SLK 55 AMG', 1),
	(1160, 68, 'SLR', 1),
	(1161, 68, 'SLS AMG', 1),
	(1162, 68, 'Sprinter', 1),
	(1163, 68, 'V-Klasse', 1),
	(1164, 68, 'V 200', 1),
	(1165, 68, 'V 220', 1),
	(1166, 68, 'V 230', 1),
	(1167, 68, 'V 250', 1),
	(1168, 68, 'V 280', 1),
	(1169, 68, 'Vaneo', 1),
	(1170, 68, 'Vario', 1),
	(1171, 68, 'Viano', 1),
	(1172, 68, 'Vito', 1),
	(1173, 69, 'MGA', 1),
	(1174, 69, 'MGB', 1),
	(1175, 69, 'MGF', 1),
	(1176, 69, 'Midget', 1),
	(1177, 69, 'Montego', 1),
	(1178, 69, 'TD', 1),
	(1179, 69, 'TF', 1),
	(1180, 69, 'ZR', 1),
	(1181, 69, 'ZS', 1),
	(1182, 69, 'ZT', 1),
	(1183, 70, 'DUÈ', 1),
	(1184, 70, 'M.Go', 1),
	(1185, 70, 'M-8', 1),
	(1186, 70, 'MC1', 1),
	(1187, 70, 'MC2', 1),
	(1188, 71, 'MINI', 1),
	(1189, 71, '1000', 1),
	(1190, 71, '1300', 1),
	(1191, 71, 'Cooper', 1),
	(1192, 71, 'Cooper D', 1),
	(1193, 71, 'Cooper S', 1),
	(1194, 71, 'Cooper SD', 1),
	(1195, 71, 'John Cooper Works', 1),
	(1196, 71, 'ONE', 1),
	(1197, 71, 'One D', 1),
	(1198, 71, 'Clubvan', 1),
	(1199, 71, 'Cabrio Seria', 1),
	(1200, 71, 'Cooper Cabrio', 1),
	(1201, 71, 'Cooper D Cabrio', 1),
	(1202, 71, 'Cooper S Cabrio', 1),
	(1203, 71, 'Cooper SD Cabrio', 1),
	(1204, 71, 'John Cooper Works Cabrio', 1),
	(1205, 71, 'One Cabrio', 1),
	(1206, 71, 'Clubman Seria', 1),
	(1207, 71, 'Cooper Clubman', 1),
	(1208, 71, 'Cooper D Clubman', 1),
	(1209, 71, 'Cooper S Clubman', 1),
	(1210, 71, 'Cooper SD Clubman', 1),
	(1211, 71, 'John Cooper Works Clubman', 1),
	(1212, 71, 'One Clubman', 1),
	(1213, 71, 'One D Clubman', 1),
	(1214, 71, 'Countryman Seria', 1),
	(1215, 71, 'Cooper Countryman', 1),
	(1216, 71, 'Cooper D Countryman', 1),
	(1217, 71, 'Cooper S Countryman', 1),
	(1218, 71, 'Cooper SD Countryman', 1),
	(1219, 71, 'John Cooper Works Countryman', 1),
	(1220, 71, 'One Countryman', 1),
	(1221, 71, 'One D Countryman', 1),
	(1222, 71, 'Coupe Seria', 1),
	(1223, 71, 'Cooper Coupé', 1),
	(1224, 71, 'Cooper S Coupé', 1),
	(1225, 71, 'Cooper SD Coupé', 1),
	(1226, 71, 'John Cooper Works Coupé', 1),
	(1227, 71, 'Paceman Seria', 1),
	(1228, 71, 'Cooper D Paceman', 1),
	(1229, 71, 'Cooper Paceman', 1),
	(1230, 71, 'Cooper SD Paceman', 1),
	(1231, 71, 'Cooper S Paceman', 1),
	(1232, 71, 'John Cooper Works Paceman', 1),
	(1233, 71, 'Roadster Seria', 1),
	(1234, 71, 'Cooper Roadster', 1),
	(1235, 71, 'Cooper SD Roadster', 1),
	(1236, 71, 'Cooper S Roadster', 1),
	(1237, 71, 'John Cooper Works Roadster', 1),
	(1238, 72, '3000 GT', 1),
	(1239, 72, 'ASX', 1),
	(1240, 72, 'Canter', 1),
	(1241, 72, 'Carisma', 1),
	(1242, 72, 'Colt', 1),
	(1243, 72, 'Cordia', 1),
	(1244, 72, 'Cosmos', 1),
	(1245, 72, 'Diamante', 1),
	(1246, 72, 'Eclipse', 1),
	(1247, 72, 'Electric Vehicle (i-MiEV)', 1),
	(1248, 72, 'Galant', 1),
	(1249, 72, 'Galloper', 1),
	(1250, 72, 'Grandis', 1),
	(1251, 72, 'L200', 1),
	(1252, 72, 'L300', 1),
	(1253, 72, 'L400', 1),
	(1254, 72, 'Lancer', 1),
	(1255, 72, 'Mirage', 1),
	(1256, 72, 'Montero', 1),
	(1257, 72, 'Outlander', 1),
	(1258, 72, 'Pajero', 1),
	(1259, 72, 'Pajero Pinin', 1),
	(1260, 72, 'Pick-up', 1),
	(1261, 72, 'Plug-in Hybrid Outlander', 1),
	(1262, 72, 'Santamo', 1),
	(1263, 72, 'Sapporo', 1),
	(1264, 72, 'Sigma', 1),
	(1265, 72, 'Space Gear', 1),
	(1266, 72, 'Space Runner', 1),
	(1267, 72, 'Space Star', 1),
	(1268, 72, 'Space Wagon', 1),
	(1269, 72, 'Starion', 1),
	(1270, 72, 'Tredia', 1),
	(1271, 73, '4/4', 1),
	(1272, 73, 'Aero 8', 1),
	(1273, 73, 'Plus 4', 1),
	(1274, 73, 'Plus 8', 1),
	(1275, 73, 'Roadster', 1),
	(1276, 74, '100 NX', 1),
	(1277, 74, '200 SX', 1),
	(1278, 74, '240 SX', 1),
	(1279, 74, '280 ZX', 1),
	(1280, 74, '300 ZX', 1),
	(1281, 74, '350Z', 1),
	(1282, 74, '370Z', 1),
	(1283, 74, 'Almera', 1),
	(1284, 74, 'Almera Tino', 1),
	(1285, 74, 'Altima', 1),
	(1286, 74, 'Armada', 1),
	(1287, 74, 'Bluebird', 1),
	(1288, 74, 'Cabstar', 1),
	(1289, 74, 'Cargo', 1),
	(1290, 74, 'Cherry', 1),
	(1291, 74, 'Cube', 1),
	(1292, 74, 'Evalia', 1),
	(1293, 74, 'Frontier', 1),
	(1294, 74, 'GT-R', 1),
	(1295, 74, 'Interstar', 1),
	(1296, 74, 'Juke', 1),
	(1297, 74, 'King Cab', 1),
	(1298, 74, 'Kubistar', 1),
	(1299, 74, 'Laurel', 1),
	(1300, 74, 'Leaf', 1),
	(1301, 74, 'Maxima', 1),
	(1302, 74, 'Micra', 1),
	(1303, 74, 'Murano', 1),
	(1304, 74, 'Navara', 1),
	(1305, 74, 'Note', 1),
	(1306, 74, 'NP 300', 1),
	(1307, 74, 'NV200', 1),
	(1308, 74, 'NV400', 1),
	(1309, 74, 'Pathfinder', 1),
	(1310, 74, 'Patrol', 1),
	(1311, 74, 'PickUp', 1),
	(1312, 74, 'Pixo', 1),
	(1313, 74, 'Prairie', 1),
	(1314, 74, 'Primastar', 1),
	(1315, 74, 'Primera', 1),
	(1316, 74, 'Pulsar', 1),
	(1317, 74, 'Qashqai', 1),
	(1318, 74, 'Qashqai+2', 1),
	(1319, 74, 'Quest', 1),
	(1320, 74, 'Sentra', 1),
	(1321, 74, 'Serena', 1),
	(1322, 74, 'Silvia', 1),
	(1323, 74, 'Skyline', 1),
	(1324, 74, 'Sunny', 1),
	(1325, 74, 'Terrano', 1),
	(1326, 74, 'Tiida', 1),
	(1327, 74, 'Titan', 1),
	(1328, 74, 'Trade', 1),
	(1329, 74, 'Urvan', 1),
	(1330, 74, 'Vanette', 1),
	(1331, 74, 'X-Trail', 1),
	(1332, 76, 'Bravada', 1),
	(1333, 76, 'Custom Cruiser', 1),
	(1334, 76, 'Cutlass', 1),
	(1335, 76, 'Delta 88', 1),
	(1336, 76, 'Silhouette', 1),
	(1337, 76, 'Supreme', 1),
	(1338, 76, 'Toronado', 1),
	(1339, 77, 'Adam', 1),
	(1340, 77, 'Agila', 1),
	(1341, 77, 'Ampera', 1),
	(1342, 77, 'Antara', 1),
	(1343, 77, 'Arena', 1),
	(1344, 77, 'Ascona', 1),
	(1345, 77, 'Astra', 1),
	(1346, 77, 'Calibra', 1),
	(1347, 77, 'Campo', 1),
	(1348, 77, 'Cascada', 1),
	(1349, 77, 'Cavalier', 1),
	(1350, 77, 'Combo', 1),
	(1351, 77, 'Commodore', 1),
	(1352, 77, 'Corsa', 1),
	(1353, 77, 'Diplomat', 1),
	(1354, 77, 'Frontera', 1),
	(1355, 77, 'GT', 1),
	(1356, 77, 'Insignia', 1),
	(1357, 77, 'Insignia CT', 1),
	(1358, 77, 'Kadett', 1),
	(1359, 77, 'Karl', 1),
	(1360, 77, 'Manta', 1),
	(1361, 77, 'Meriva', 1),
	(1362, 77, 'Mokka', 1),
	(1363, 77, 'Monterey', 1),
	(1364, 77, 'Monza', 1),
	(1365, 77, 'Movano', 1),
	(1366, 77, 'Nova', 1),
	(1367, 77, 'Omega', 1),
	(1368, 77, 'Pick Up Sportscap', 1),
	(1369, 77, 'Rekord', 1),
	(1370, 77, 'Senator', 1),
	(1371, 77, 'Signum', 1),
	(1372, 77, 'Sintra', 1),
	(1373, 77, 'Speedster', 1),
	(1374, 77, 'Tigra', 1),
	(1375, 77, 'Vectra', 1),
	(1376, 77, 'Vivaro', 1),
	(1377, 77, 'Zafira', 1),
	(1378, 77, 'Zafira Tourer', 1),
	(1379, 79, '1007', 1),
	(1380, 79, '104', 1),
	(1381, 79, '106', 1),
	(1382, 79, '107', 1),
	(1383, 79, '108', 1),
	(1384, 79, '2008', 1),
	(1385, 79, '204', 1),
	(1386, 79, '205', 1),
	(1387, 79, '206', 1),
	(1388, 79, '207', 1),
	(1389, 79, '208', 1),
	(1390, 79, '3008', 1),
	(1391, 79, '301', 1),
	(1392, 79, '304', 1),
	(1393, 79, '305', 1),
	(1394, 79, '306', 1),
	(1395, 79, '307', 1),
	(1396, 79, '308', 1),
	(1397, 79, '309', 1),
	(1398, 79, '4007', 1),
	(1399, 79, '4008', 1),
	(1400, 79, '404', 1),
	(1401, 79, '405', 1),
	(1402, 79, '406', 1),
	(1403, 79, '407', 1),
	(1404, 79, '5008', 1),
	(1405, 79, '504', 1),
	(1406, 79, '505', 1),
	(1407, 79, '508', 1),
	(1408, 79, '604', 1),
	(1409, 79, '605', 1),
	(1410, 79, '607', 1),
	(1411, 79, '806', 1),
	(1412, 79, '807', 1),
	(1413, 79, 'Bipper', 1),
	(1414, 79, 'Bipper Tepee', 1),
	(1415, 79, 'Boxer', 1),
	(1416, 79, 'Expert', 1),
	(1417, 79, 'Expert Tepee', 1),
	(1418, 79, 'iOn', 1),
	(1419, 79, 'J5', 1),
	(1420, 79, 'Partner', 1),
	(1421, 79, 'Partner Tepee', 1),
	(1422, 79, 'RCZ', 1),
	(1423, 79, 'TePee', 1),
	(1424, 80, 'APE', 1),
	(1425, 80, 'APE TM', 1),
	(1426, 80, 'Porter', 1),
	(1427, 81, 'Prowler', 1),
	(1428, 82, '6000', 1),
	(1429, 82, 'Bonneville', 1),
	(1430, 82, 'Fiero', 1),
	(1431, 82, 'Firebird', 1),
	(1432, 82, 'G6', 1),
	(1433, 82, 'Grand-Am', 1),
	(1434, 82, 'Grand-Prix', 1),
	(1435, 82, 'GTO', 1),
	(1436, 82, 'Montana', 1),
	(1437, 82, 'Solstice', 1),
	(1438, 82, 'Sunbird', 1),
	(1439, 82, 'Sunfire', 1),
	(1440, 82, 'Targa', 1),
	(1441, 82, 'Trans Am', 1),
	(1442, 82, 'Trans Sport', 1),
	(1443, 82, 'Vibe', 1),
	(1444, 83, '356', 1),
	(1445, 83, '911', 1),
	(1446, 83, '911', 1),
	(1447, 83, '930', 1),
	(1448, 83, '964', 1),
	(1449, 83, '991', 1),
	(1450, 83, '993', 1),
	(1451, 83, '996', 1),
	(1452, 83, '997', 1),
	(1453, 83, '912', 1),
	(1454, 83, '914', 1),
	(1455, 83, '918', 1),
	(1456, 83, '924', 1),
	(1457, 83, '928', 1),
	(1458, 83, '944', 1),
	(1459, 83, '959', 1),
	(1460, 83, '962', 1),
	(1461, 83, '968', 1),
	(1462, 83, 'Boxster', 1),
	(1463, 83, 'Carrera GT', 1),
	(1464, 83, 'Cayenne', 1),
	(1465, 83, 'Cayman', 1),
	(1466, 83, 'Macan', 1),
	(1467, 83, 'Panamera', 1),
	(1468, 84, '300 Serie', 1),
	(1469, 84, '400 Serie', 1),
	(1470, 85, 'Alpine A110', 1),
	(1471, 85, 'Alpine A310', 1),
	(1472, 85, 'Alpine V6', 1),
	(1473, 85, 'Avantime', 1),
	(1474, 85, 'Captur', 1),
	(1475, 85, 'Clio', 1),
	(1476, 85, 'Coupe', 1),
	(1477, 85, 'Espace', 1),
	(1478, 85, 'Express', 1),
	(1479, 85, 'Fluence', 1),
	(1480, 85, 'Fuego', 1),
	(1481, 85, 'Grand Espace', 1),
	(1482, 85, 'Grand Modus', 1),
	(1483, 85, 'Grand Scenic', 1),
	(1484, 85, 'Kadjar', 1),
	(1485, 85, 'Kangoo', 1),
	(1486, 85, 'Koleos', 1),
	(1487, 85, 'Laguna', 1),
	(1488, 85, 'Latitude', 1),
	(1489, 85, 'Mascott', 1),
	(1490, 85, 'Master', 1),
	(1491, 85, 'Megane', 1),
	(1492, 85, 'Modus', 1),
	(1493, 85, 'P 1400', 1),
	(1494, 85, 'R 11', 1),
	(1495, 85, 'R 14', 1),
	(1496, 85, 'R 18', 1),
	(1497, 85, 'R 19', 1),
	(1498, 85, 'R 20', 1),
	(1499, 85, 'R 21', 1),
	(1500, 85, 'R 25', 1),
	(1501, 85, 'R 30', 1),
	(1502, 85, 'R 4', 1),
	(1503, 85, 'R 5', 1),
	(1504, 85, 'R 6', 1),
	(1505, 85, 'R 9', 1),
	(1506, 85, 'Rapid', 1),
	(1507, 85, 'Safrane', 1),
	(1508, 85, 'Scenic', 1),
	(1509, 85, 'Spider', 1),
	(1510, 85, 'Trafic', 1),
	(1511, 85, 'Twingo', 1),
	(1512, 85, 'Twizy', 1),
	(1513, 85, 'Vel Satis', 1),
	(1514, 85, 'Wind', 1),
	(1515, 85, 'ZOE', 1),
	(1516, 86, 'Corniche', 1),
	(1517, 86, 'Flying Spur', 1),
	(1518, 86, 'Ghost', 1),
	(1519, 86, 'Park Ward', 1),
	(1520, 86, 'Phantom', 1),
	(1521, 86, 'Silver Cloud', 1),
	(1522, 86, 'Silver Dawn', 1),
	(1523, 86, 'Silver Seraph', 1),
	(1524, 86, 'Silver Shadow', 1),
	(1525, 86, 'Silver Spirit', 1),
	(1526, 86, 'Silver Spur', 1),
	(1527, 86, 'Wraith', 1),
	(1528, 87, '100', 1),
	(1529, 87, '111', 1),
	(1530, 87, '114', 1),
	(1531, 87, '115', 1),
	(1532, 87, '200', 1),
	(1533, 87, '213', 1),
	(1534, 87, '214', 1),
	(1535, 87, '216', 1),
	(1536, 87, '218', 1),
	(1537, 87, '220', 1),
	(1538, 87, '25', 1),
	(1539, 87, '400', 1),
	(1540, 87, '414', 1),
	(1541, 87, '416', 1),
	(1542, 87, '418', 1),
	(1543, 87, '420', 1),
	(1544, 87, '45', 1),
	(1545, 87, '600', 1),
	(1546, 87, '618', 1),
	(1547, 87, '620', 1),
	(1548, 87, '623', 1),
	(1549, 87, '75', 1),
	(1550, 87, '800', 1),
	(1551, 87, '820', 1),
	(1552, 87, '825', 1),
	(1553, 87, '827', 1),
	(1554, 87, 'City Rover', 1),
	(1555, 87, 'Metro', 1),
	(1556, 87, 'Montego', 1),
	(1557, 87, 'SD', 1),
	(1558, 87, 'Streetwise', 1),
	(1559, 89, '90', 1),
	(1560, 89, '900', 1),
	(1561, 89, '9000', 1),
	(1562, 89, '9-3', 1),
	(1563, 89, '9-4X', 1),
	(1564, 89, '9-5', 1),
	(1565, 89, '96', 1),
	(1566, 89, '9-7X', 1),
	(1567, 89, '99', 1),
	(1568, 91, 'Alhambra', 1),
	(1569, 91, 'Altea', 1),
	(1570, 91, 'Arosa', 1),
	(1571, 91, 'Cordoba', 1),
	(1572, 91, 'Exeo', 1),
	(1573, 91, 'Ibiza', 1),
	(1574, 91, 'Inca', 1),
	(1575, 91, 'Leon', 1),
	(1576, 91, 'Malaga', 1),
	(1577, 91, 'Marbella', 1),
	(1578, 91, 'Mii', 1),
	(1579, 91, 'Terra', 1),
	(1580, 91, 'Toledo', 1),
	(1581, 92, '105', 1),
	(1582, 92, '120', 1),
	(1583, 92, '130', 1),
	(1584, 92, '135', 1),
	(1585, 92, 'Citigo', 1),
	(1586, 92, 'Fabia', 1),
	(1587, 92, 'Favorit', 1),
	(1588, 92, 'Felicia', 1),
	(1589, 92, 'Forman', 1),
	(1590, 92, 'Octavia', 1),
	(1591, 92, 'Pick-up', 1),
	(1592, 92, 'Praktik', 1),
	(1593, 92, 'Rapid', 1),
	(1594, 92, 'Roomster', 1),
	(1595, 92, 'Superb', 1),
	(1596, 92, 'Yeti', 1),
	(1597, 93, 'Crossblade', 1),
	(1598, 93, 'ForFour', 1),
	(1599, 93, 'ForTwo', 1),
	(1600, 93, 'Roadster', 1),
	(1601, 95, 'C8', 1),
	(1602, 95, 'C8 AILERON', 1),
	(1603, 95, 'C8 DOUBLE 12 S', 1),
	(1604, 95, 'C8 LAVIOLETTE SWB', 1),
	(1605, 95, 'C8 SPYDER SWB', 1),
	(1606, 96, 'Actyon', 1),
	(1607, 96, 'Family', 1),
	(1608, 96, 'Korando', 1),
	(1609, 96, 'Kyron', 1),
	(1610, 96, 'MUSSO', 1),
	(1611, 96, 'REXTON', 1),
	(1612, 96, 'Rodius', 1),
	(1613, 97, 'B9 Tribeca', 1),
	(1614, 97, 'Baja', 1),
	(1615, 97, 'BRZ', 1),
	(1616, 97, 'Forester', 1),
	(1617, 97, 'Impreza', 1),
	(1618, 97, 'Justy', 1),
	(1619, 97, 'Legacy', 1),
	(1620, 97, 'Libero', 1),
	(1621, 97, 'OUTBACK', 1),
	(1622, 97, 'SVX', 1),
	(1623, 97, 'Trezia', 1),
	(1624, 97, 'Tribeca', 1),
	(1625, 97, 'Vivio', 1),
	(1626, 97, 'XT', 1),
	(1627, 97, 'XV', 1),
	(1628, 98, 'Alto', 1),
	(1629, 98, 'Baleno', 1),
	(1630, 98, 'Cappuccino', 1),
	(1631, 98, 'Carry', 1),
	(1632, 98, 'Celerio', 1),
	(1633, 98, 'Grand Vitara', 1),
	(1634, 98, 'Ignis', 1),
	(1635, 98, 'Jimny', 1),
	(1636, 98, 'Kizashi', 1),
	(1637, 98, 'Liana', 1),
	(1638, 98, 'LJ', 1),
	(1639, 98, 'SJ Samurai', 1),
	(1640, 98, 'Splash', 1),
	(1641, 98, 'Super-Carry', 1),
	(1642, 98, 'Swift', 1),
	(1643, 98, 'SX4', 1),
	(1644, 98, 'SX4 S-Cross', 1),
	(1645, 98, 'Vitara', 1),
	(1646, 98, 'Wagon R+', 1),
	(1647, 98, 'X-90', 1),
	(1648, 99, 'Horizon', 1),
	(1649, 99, 'Samba', 1),
	(1650, 100, 'Indica', 1),
	(1651, 100, 'Indigo', 1),
	(1652, 100, 'Nano', 1),
	(1653, 100, 'Safari', 1),
	(1654, 100, 'Sumo', 1),
	(1655, 100, 'Telcoline', 1),
	(1656, 100, 'Telcosport', 1),
	(1657, 100, 'Xenon', 1),
	(1658, 103, '4-Runner', 1),
	(1659, 103, 'Auris', 1),
	(1660, 103, 'Auris Touring Sports', 1),
	(1661, 103, 'Avalon', 1),
	(1662, 103, 'Avensis', 1),
	(1663, 103, 'Avensis Verso', 1),
	(1664, 103, 'Aygo', 1),
	(1665, 103, 'Camry', 1),
	(1666, 103, 'Carina', 1),
	(1667, 103, 'Celica', 1),
	(1668, 103, 'Corolla', 1),
	(1669, 103, 'Corolla Verso', 1),
	(1670, 103, 'Cressida', 1),
	(1671, 103, 'Crown', 1),
	(1672, 103, 'Dyna', 1),
	(1673, 103, 'FJ', 1),
	(1674, 103, 'GT86', 1),
	(1675, 103, 'Hiace', 1),
	(1676, 103, 'Highlander', 1),
	(1677, 103, 'Hilux', 1),
	(1678, 103, 'IQ', 1),
	(1679, 103, 'Land Cruiser', 1),
	(1680, 103, 'Lite-Ace', 1),
	(1681, 103, 'MR 2', 1),
	(1682, 103, 'Paseo', 1),
	(1683, 103, 'Picnic', 1),
	(1684, 103, 'Previa', 1),
	(1685, 103, 'Prius', 1),
	(1686, 103, 'Prius+', 1),
	(1687, 103, 'Proace', 1),
	(1688, 103, 'RAV 4', 1),
	(1689, 103, 'Sequoia', 1),
	(1690, 103, 'Sienna', 1),
	(1691, 103, 'Starlet', 1),
	(1692, 103, 'Supra', 1),
	(1693, 103, 'Tacoma', 1),
	(1694, 103, 'Tercel', 1),
	(1695, 103, 'Tundra', 1),
	(1696, 103, 'Urban Cruiser', 1),
	(1697, 103, 'Verso', 1),
	(1698, 103, 'Verso-S', 1),
	(1699, 103, 'Yaris', 1),
	(1700, 104, '601', 1),
	(1701, 105, 'Dolomite', 1),
	(1702, 105, 'Moss', 1),
	(1703, 105, 'Spitfire', 1),
	(1704, 105, 'TR3', 1),
	(1705, 105, 'TR4', 1),
	(1706, 105, 'TR5', 1),
	(1707, 105, 'TR6', 1),
	(1708, 105, 'TR7', 1),
	(1709, 105, 'TR8', 1),
	(1710, 106, 'Chimaera', 1),
	(1711, 106, 'Griffith', 1),
	(1712, 106, 'Tuscan', 1),
	(1713, 107, '181', 1),
	(1714, 107, 'Amarok', 1),
	(1715, 107, 'Beetle', 1),
	(1716, 107, 'Bora', 1),
	(1717, 107, 'Buggy', 1),
	(1718, 107, 'Caddy', 1),
	(1719, 107, 'CC', 1),
	(1720, 107, 'Corrado', 1),
	(1721, 107, 'Crafter', 1),
	(1722, 107, 'Eos', 1),
	(1723, 107, 'Fox', 1),
	(1724, 107, 'Golf', 1),
	(1725, 107, 'Golf', 1),
	(1726, 107, 'Golf Plus', 1),
	(1727, 107, 'Golf Sportsvan', 1),
	(1728, 107, 'Iltis', 1),
	(1729, 107, 'Jetta', 1),
	(1730, 107, 'Käfer', 1),
	(1731, 107, 'Karmann Ghia', 1),
	(1732, 107, 'LT', 1),
	(1733, 107, 'Lupo', 1),
	(1734, 107, 'New Beetle', 1),
	(1735, 107, 'Passat', 1),
	(1736, 107, 'Passat', 1),
	(1737, 107, 'Passat CC', 1),
	(1738, 107, 'Phaeton', 1),
	(1739, 107, 'Polo', 1),
	(1740, 107, 'Routan', 1),
	(1741, 107, 'Santana', 1),
	(1742, 107, 'Scirocco', 1),
	(1743, 107, 'Sharan', 1),
	(1744, 107, 'T1', 1),
	(1745, 107, 'T2', 1),
	(1746, 107, 'T3', 1),
	(1747, 107, 'T3 altele', 1),
	(1748, 107, 'T3 Caravelle', 1),
	(1749, 107, 'T3 Kombi', 1),
	(1750, 107, 'T3 Multivan', 1),
	(1751, 107, 'T4', 1),
	(1752, 107, 'T4 altele', 1),
	(1753, 107, 'T4 California', 1),
	(1754, 107, 'T4 Caravelle', 1),
	(1755, 107, 'T4 Kombi', 1),
	(1756, 107, 'T4 Multivan', 1),
	(1757, 107, 'T5', 1),
	(1758, 107, 'T5 altele', 1),
	(1759, 107, 'T5 California', 1),
	(1760, 107, 'T5 Caravelle', 1),
	(1761, 107, 'T5 Kombi', 1),
	(1762, 107, 'T5 Multivan', 1),
	(1763, 107, 'T5 Shuttle', 1),
	(1764, 107, 'Taro', 1),
	(1765, 107, 'Tiguan', 1),
	(1766, 107, 'Touareg', 1),
	(1767, 107, 'Touran', 1),
	(1768, 107, 'up!', 1),
	(1769, 107, 'Vento', 1),
	(1770, 107, 'XL1', 1),
	(1771, 108, '240', 1),
	(1772, 108, '244', 1),
	(1773, 108, '245', 1),
	(1774, 108, '262', 1),
	(1775, 108, '264', 1),
	(1776, 108, '340', 1),
	(1777, 108, '360', 1),
	(1778, 108, '440', 1),
	(1779, 108, '460', 1),
	(1780, 108, '480', 1),
	(1781, 108, '740', 1),
	(1782, 108, '744', 1),
	(1783, 108, '745', 1),
	(1784, 108, '760', 1),
	(1785, 108, '780', 1),
	(1786, 108, '850', 1),
	(1787, 108, '855', 1),
	(1788, 108, '940', 1),
	(1789, 108, '944', 1),
	(1790, 108, '945', 1),
	(1791, 108, '960', 1),
	(1792, 108, '965', 1),
	(1793, 108, 'Amazon', 1),
	(1794, 108, 'C30', 1),
	(1795, 108, 'C70', 1),
	(1796, 108, 'Polar', 1),
	(1797, 108, 'S40', 1),
	(1798, 108, 'S60', 1),
	(1799, 108, 'S70', 1),
	(1800, 108, 'S80', 1),
	(1801, 108, 'S90', 1),
	(1802, 108, 'V40', 1),
	(1803, 108, 'V40 CC', 1),
	(1804, 108, 'V50', 1),
	(1805, 108, 'V60', 1),
	(1806, 108, 'V70', 1),
	(1807, 108, 'V90', 1),
	(1808, 108, 'XC 60', 1),
	(1809, 108, 'XC 70', 1),
	(1810, 108, 'XC 90', 1),
	(1811, 109, '311', 1),
	(1812, 109, '353', 1),
	(1813, 111, 'MF 25', 1),
	(1814, 111, 'MF 28', 1),
	(1815, 111, 'MF 3', 1),
	(1816, 111, 'MF 30', 1),
	(1817, 111, 'MF 35', 1),
	(1818, 111, 'MF 4', 1),
	(1819, 111, 'MF 5', 1);
/*!40000 ALTER TABLE `modele` ENABLE KEYS */;

-- Dumping data for table proiectcolectiv.pozeanunturi: ~0 rows (approximately)
/*!40000 ALTER TABLE `pozeanunturi` DISABLE KEYS */;
/*!40000 ALTER TABLE `pozeanunturi` ENABLE KEYS */;

-- Dumping data for table proiectcolectiv.produse: ~0 rows (approximately)
/*!40000 ALTER TABLE `produse` DISABLE KEYS */;
REPLACE INTO `produse` (`IdAnunt`, `DataCreere`, `Categorie`, `IdVanzator`, `MakeId`, `ModelId`, `Kilometraj`, `DataFabricatie`, `Pret`, `Putere`, `CaiPutere`, `Capacitate`, `NrLocuri`, `MMA`, `CostTimbru`, `CostRCA`, `ClasaEuro`, `Emisi`, `Culoare`, `VIN`, `Combustibil`, `Distributie`, `Climatizare`, `SIA`, `IC`, `RV`, `SIE`, `GE`, `Nav`, `SP`, `Servo`, `TD`, `JA`, `Carlig`, `ABS`, `ESP`, `Integrala`, `Xenon`, `Promovare`, `Descriere`) VALUES
	(6, '2015-05-11', 1, 1, 77, 1356, 123456, '2010-08-06', 8999, 120, 160, 2000, 5, 1800, 100, 400, 6, 160, 9, 'Vin123', '2', '1', '1', b'1', b'1', b'1', b'1', b'1', b'1', b'1', b'1', b'1', b'1', b'1', b'1', b'1', b'1', b'1', '0', '');
/*!40000 ALTER TABLE `produse` ENABLE KEYS */;

-- Dumping data for table proiectcolectiv.profiles: ~0 rows (approximately)
/*!40000 ALTER TABLE `profiles` DISABLE KEYS */;
/*!40000 ALTER TABLE `profiles` ENABLE KEYS */;

-- Dumping data for table proiectcolectiv.promotii: ~0 rows (approximately)
/*!40000 ALTER TABLE `promotii` DISABLE KEYS */;
/*!40000 ALTER TABLE `promotii` ENABLE KEYS */;

-- Dumping data for table proiectcolectiv.style: ~18 rows (approximately)
/*!40000 ALTER TABLE `style` DISABLE KEYS */;
REPLACE INTO `style` (`StyleId`, `TypeId`, `Tip`) VALUES
	(1, 1, 'SUV'),
	(2, 1, 'Berlina'),
	(3, 1, 'Break'),
	(4, 1, 'Cabrio'),
	(5, 1, 'Monovolum'),
	(6, 1, 'Coupe'),
	(8, 1, 'Compact'),
	(9, 2, 'Chopper'),
	(10, 2, 'Cross'),
	(11, 2, 'Enduro'),
	(12, 2, 'Moped'),
	(13, 2, 'Scuter'),
	(14, 2, 'Sport'),
	(15, 2, 'Touring'),
	(16, 3, 'Quad'),
	(17, 3, 'Agrement'),
	(18, 3, 'Utilitar'),
	(19, 3, 'Sport');
/*!40000 ALTER TABLE `style` ENABLE KEYS */;

-- Dumping data for table proiectcolectiv.utilizatori: ~1 rows (approximately)
/*!40000 ALTER TABLE `utilizatori` DISABLE KEYS */;
REPLACE INTO `utilizatori` (`UserId`, `UserName`, `Password`, `EmailAdd`, `Type`) VALUES
	(1, 'Hsk', '1234', 'test@mail.com', 1);
/*!40000 ALTER TABLE `utilizatori` ENABLE KEYS */;
/*!40101 SET SQL_MODE=IFNULL(@OLD_SQL_MODE, '') */;
/*!40014 SET FOREIGN_KEY_CHECKS=IF(@OLD_FOREIGN_KEY_CHECKS IS NULL, 1, @OLD_FOREIGN_KEY_CHECKS) */;
/*!40101 SET CHARACTER_SET_CLIENT=@OLD_CHARACTER_SET_CLIENT */;
